id_zmienna;zmienna;id_przekroj;nazwa_przekroj;id_jednostka_terytorialna;jednostka_terytorialna;id_typ_informacji;typ_informacji;id_wymiar_2;nazwa_wymiar_2;id_pozycja_2;nazwa_pozycja_2;id_wymiar_3;nazwa_wymiar_3;id_pozycja_3;nazwa_pozycja_3;id_wymiar_4;nazwa_wymiar_4;id_pozycja_4;nazwa_pozycja_4;id_wymiar_5;nazwa_wymiar_5;id_pozycja_5;nazwa_pozycja_5;id_wymiar_6;nazwa_wymiar_6;id_pozycja_6;nazwa_pozycja_6;id_wymiar_7;nazwa_wymiar_7;id_pozycja_7;nazwa_pozycja_7;id_wymiar_8;nazwa_wymiar_8;id_pozycja_8;nazwa_pozycja_8;id_wymiar_9;nazwa_wymiar_9;id_pozycja_9;nazwa_pozycja_9;id_okres;id_daty;opis_okres;wartosc;oznaczenie_braku_wartosci;nazwa_braku_wartosci;oznaczenie_tajnosci;nazwa_tajnosci;oznaczenie_flagi;nazwa_flaga;notka
172;Przewidywane nakłady inwestycyjne - handel;757;"Polska; Handel (KG)";33617;POLSKA;117;[-];622;Handel (KG);6661753;GR119798 - Handel detaliczny (45+47);;;;;;;;;;;;;;;;;;;;;;;;;;;;;247;2018;2018 M01;17,2;ND;Nie dotyczy;nd;Dane jawne;nd;Nie dotyczy;
172;Przewidywane nakłady inwestycyjne - handel;757;"Polska; Handel (KG)";33617;POLSKA;117;[-];622;Handel (KG);6662701;46 - HANDEL HURTOWY, Z WYŁĄCZENIEM HANDLU POJAZDAMI SAMOCHODOWYMI;;;;;;;;;;;;;;;;;;;;;;;;;;;;;247;2018;2018 M01;14,8;ND;Nie dotyczy;nd;Dane jawne;nd;Nie dotyczy;
172;Przewidywane nakłady inwestycyjne - handel;757;"Polska; Handel (KG)";33617;POLSKA;117;[-];622;Handel (KG);7145544;GR288631 - Żywność;;;;;;;;;;;;;;;;;;;;;;;;;;;;;247;2018;2018 M01;19,7;ND;Nie dotyczy;nd;Dane jawne;nd;Nie dotyczy;
172;Przewidywane nakłady inwestycyjne - handel;757;"Polska; Handel (KG)";33617;POLSKA;117;[-];622;Handel (KG);7150546;GR288632 - Pojazdy samochodowe;;;;;;;;;;;;;;;;;;;;;;;;;;;;;247;2018;2018 M01;17,7;ND;Nie dotyczy;nd;Dane jawne;nd;Nie dotyczy;
172;Przewidywane nakłady inwestycyjne - handel;757;"Polska; Handel (KG)";33617;POLSKA;117;[-];622;Handel (KG);7150569;GR288633 - Artykuły gospodarstwa domowego ogółem (rtv. agd, meble i inne);;;;;;;;;;;;;;;;;;;;;;;;;;;;;247;2018;2018 M01;10,4;ND;Nie dotyczy;nd;Dane jawne;nd;Nie dotyczy;
172;Przewidywane nakłady inwestycyjne - handel;757;"Polska; Handel (KG)";33617;POLSKA;117;[-];622;Handel (KG);7150811;GR288634 - Wyroby tekstylne, odzież, obuwie;;;;;;;;;;;;;;;;;;;;;;;;;;;;;247;2018;2018 M01;30,9;ND;Nie dotyczy;nd;Dane jawne;nd;Nie dotyczy;
172;Przewidywane nakłady inwestycyjne - handel;757;"Polska; Handel (KG)";33617;POLSKA;117;[-];622;Handel (KG);6661753;GR119798 - Handel detaliczny (45+47);;;;;;;;;;;;;;;;;;;;;;;;;;;;;248;2018;2018 M02;17,9;ND;Nie dotyczy;nd;Dane jawne;nd;Nie dotyczy;
172;Przewidywane nakłady inwestycyjne - handel;757;"Polska; Handel (KG)";33617;POLSKA;117;[-];622;Handel (KG);6662701;46 - HANDEL HURTOWY, Z WYŁĄCZENIEM HANDLU POJAZDAMI SAMOCHODOWYMI;;;;;;;;;;;;;;;;;;;;;;;;;;;;;248;2018;2018 M02;15,3;ND;Nie dotyczy;nd;Dane jawne;nd;Nie dotyczy;
172;Przewidywane nakłady inwestycyjne - handel;757;"Polska; Handel (KG)";33617;POLSKA;117;[-];622;Handel (KG);7145544;GR288631 - Żywność;;;;;;;;;;;;;;;;;;;;;;;;;;;;;248;2018;2018 M02;18,4;ND;Nie dotyczy;nd;Dane jawne;nd;Nie dotyczy;
172;Przewidywane nakłady inwestycyjne - handel;757;"Polska; Handel (KG)";33617;POLSKA;117;[-];622;Handel (KG);7150546;GR288632 - Pojazdy samochodowe;;;;;;;;;;;;;;;;;;;;;;;;;;;;;248;2018;2018 M02;20,1;ND;Nie dotyczy;nd;Dane jawne;nd;Nie dotyczy;
172;Przewidywane nakłady inwestycyjne - handel;757;"Polska; Handel (KG)";33617;POLSKA;117;[-];622;Handel (KG);7150569;GR288633 - Artykuły gospodarstwa domowego ogółem (rtv. agd, meble i inne);;;;;;;;;;;;;;;;;;;;;;;;;;;;;248;2018;2018 M02;17,8;ND;Nie dotyczy;nd;Dane jawne;nd;Nie dotyczy;
172;Przewidywane nakłady inwestycyjne - handel;757;"Polska; Handel (KG)";33617;POLSKA;117;[-];622;Handel (KG);7150811;GR288634 - Wyroby tekstylne, odzież, obuwie;;;;;;;;;;;;;;;;;;;;;;;;;;;;;248;2018;2018 M02;32,9;ND;Nie dotyczy;nd;Dane jawne;nd;Nie dotyczy;
172;Przewidywane nakłady inwestycyjne - handel;757;"Polska; Handel (KG)";33617;POLSKA;117;[-];622;Handel (KG);6661753;GR119798 - Handel detaliczny (45+47);;;;;;;;;;;;;;;;;;;;;;;;;;;;;249;2018;2018 M03;19,3;ND;Nie dotyczy;nd;Dane jawne;nd;Nie dotyczy;
172;Przewidywane nakłady inwestycyjne - handel;757;"Polska; Handel (KG)";33617;POLSKA;117;[-];622;Handel (KG);6662701;46 - HANDEL HURTOWY, Z WYŁĄCZENIEM HANDLU POJAZDAMI SAMOCHODOWYMI;;;;;;;;;;;;;;;;;;;;;;;;;;;;;249;2018;2018 M03;14,8;ND;Nie dotyczy;nd;Dane jawne;nd;Nie dotyczy;
172;Przewidywane nakłady inwestycyjne - handel;757;"Polska; Handel (KG)";33617;POLSKA;117;[-];622;Handel (KG);7145544;GR288631 - Żywność;;;;;;;;;;;;;;;;;;;;;;;;;;;;;249;2018;2018 M03;18,2;ND;Nie dotyczy;nd;Dane jawne;nd;Nie dotyczy;
172;Przewidywane nakłady inwestycyjne - handel;757;"Polska; Handel (KG)";33617;POLSKA;117;[-];622;Handel (KG);7150546;GR288632 - Pojazdy samochodowe;;;;;;;;;;;;;;;;;;;;;;;;;;;;;249;2018;2018 M03;18,1;ND;Nie dotyczy;nd;Dane jawne;nd;Nie dotyczy;
172;Przewidywane nakłady inwestycyjne - handel;757;"Polska; Handel (KG)";33617;POLSKA;117;[-];622;Handel (KG);7150569;GR288633 - Artykuły gospodarstwa domowego ogółem (rtv. agd, meble i inne);;;;;;;;;;;;;;;;;;;;;;;;;;;;;249;2018;2018 M03;25,9;ND;Nie dotyczy;nd;Dane jawne;nd;Nie dotyczy;
172;Przewidywane nakłady inwestycyjne - handel;757;"Polska; Handel (KG)";33617;POLSKA;117;[-];622;Handel (KG);7150811;GR288634 - Wyroby tekstylne, odzież, obuwie;;;;;;;;;;;;;;;;;;;;;;;;;;;;;249;2018;2018 M03;35,7;ND;Nie dotyczy;nd;Dane jawne;nd;Nie dotyczy;
172;Przewidywane nakłady inwestycyjne - handel;757;"Polska; Handel (KG)";33617;POLSKA;117;[-];622;Handel (KG);6661753;GR119798 - Handel detaliczny (45+47);;;;;;;;;;;;;;;;;;;;;;;;;;;;;250;2018;2018 M04;19,7;ND;Nie dotyczy;nd;Dane jawne;nd;Nie dotyczy;
172;Przewidywane nakłady inwestycyjne - handel;757;"Polska; Handel (KG)";33617;POLSKA;117;[-];622;Handel (KG);6662701;46 - HANDEL HURTOWY, Z WYŁĄCZENIEM HANDLU POJAZDAMI SAMOCHODOWYMI;;;;;;;;;;;;;;;;;;;;;;;;;;;;;250;2018;2018 M04;14,5;ND;Nie dotyczy;nd;Dane jawne;nd;Nie dotyczy;
172;Przewidywane nakłady inwestycyjne - handel;757;"Polska; Handel (KG)";33617;POLSKA;117;[-];622;Handel (KG);7145544;GR288631 - Żywność;;;;;;;;;;;;;;;;;;;;;;;;;;;;;250;2018;2018 M04;19,3;ND;Nie dotyczy;nd;Dane jawne;nd;Nie dotyczy;
172;Przewidywane nakłady inwestycyjne - handel;757;"Polska; Handel (KG)";33617;POLSKA;117;[-];622;Handel (KG);7150546;GR288632 - Pojazdy samochodowe;;;;;;;;;;;;;;;;;;;;;;;;;;;;;250;2018;2018 M04;19,5;ND;Nie dotyczy;nd;Dane jawne;nd;Nie dotyczy;
172;Przewidywane nakłady inwestycyjne - handel;757;"Polska; Handel (KG)";33617;POLSKA;117;[-];622;Handel (KG);7150569;GR288633 - Artykuły gospodarstwa domowego ogółem (rtv. agd, meble i inne);;;;;;;;;;;;;;;;;;;;;;;;;;;;;250;2018;2018 M04;16,9;ND;Nie dotyczy;nd;Dane jawne;nd;Nie dotyczy;
172;Przewidywane nakłady inwestycyjne - handel;757;"Polska; Handel (KG)";33617;POLSKA;117;[-];622;Handel (KG);7150811;GR288634 - Wyroby tekstylne, odzież, obuwie;;;;;;;;;;;;;;;;;;;;;;;;;;;;;250;2018;2018 M04;42,8;ND;Nie dotyczy;nd;Dane jawne;nd;Nie dotyczy;
172;Przewidywane nakłady inwestycyjne - handel;757;"Polska; Handel (KG)";33617;POLSKA;117;[-];622;Handel (KG);6661753;GR119798 - Handel detaliczny (45+47);;;;;;;;;;;;;;;;;;;;;;;;;;;;;251;2018;2018 M05;20,1;ND;Nie dotyczy;nd;Dane jawne;nd;Nie dotyczy;
172;Przewidywane nakłady inwestycyjne - handel;757;"Polska; Handel (KG)";33617;POLSKA;117;[-];622;Handel (KG);6662701;46 - HANDEL HURTOWY, Z WYŁĄCZENIEM HANDLU POJAZDAMI SAMOCHODOWYMI;;;;;;;;;;;;;;;;;;;;;;;;;;;;;251;2018;2018 M05;14,2;ND;Nie dotyczy;nd;Dane jawne;nd;Nie dotyczy;
172;Przewidywane nakłady inwestycyjne - handel;757;"Polska; Handel (KG)";33617;POLSKA;117;[-];622;Handel (KG);7145544;GR288631 - Żywność;;;;;;;;;;;;;;;;;;;;;;;;;;;;;251;2018;2018 M05;19,5;ND;Nie dotyczy;nd;Dane jawne;nd;Nie dotyczy;
172;Przewidywane nakłady inwestycyjne - handel;757;"Polska; Handel (KG)";33617;POLSKA;117;[-];622;Handel (KG);7150546;GR288632 - Pojazdy samochodowe;;;;;;;;;;;;;;;;;;;;;;;;;;;;;251;2018;2018 M05;20,4;ND;Nie dotyczy;nd;Dane jawne;nd;Nie dotyczy;
172;Przewidywane nakłady inwestycyjne - handel;757;"Polska; Handel (KG)";33617;POLSKA;117;[-];622;Handel (KG);7150569;GR288633 - Artykuły gospodarstwa domowego ogółem (rtv. agd, meble i inne);;;;;;;;;;;;;;;;;;;;;;;;;;;;;251;2018;2018 M05;10,1;ND;Nie dotyczy;nd;Dane jawne;nd;Nie dotyczy;
172;Przewidywane nakłady inwestycyjne - handel;757;"Polska; Handel (KG)";33617;POLSKA;117;[-];622;Handel (KG);7150811;GR288634 - Wyroby tekstylne, odzież, obuwie;;;;;;;;;;;;;;;;;;;;;;;;;;;;;251;2018;2018 M05;40,2;ND;Nie dotyczy;nd;Dane jawne;nd;Nie dotyczy;
172;Przewidywane nakłady inwestycyjne - handel;757;"Polska; Handel (KG)";33617;POLSKA;117;[-];622;Handel (KG);6661753;GR119798 - Handel detaliczny (45+47);;;;;;;;;;;;;;;;;;;;;;;;;;;;;252;2018;2018 M06;21,1;ND;Nie dotyczy;nd;Dane jawne;nd;Nie dotyczy;
172;Przewidywane nakłady inwestycyjne - handel;757;"Polska; Handel (KG)";33617;POLSKA;117;[-];622;Handel (KG);6662701;46 - HANDEL HURTOWY, Z WYŁĄCZENIEM HANDLU POJAZDAMI SAMOCHODOWYMI;;;;;;;;;;;;;;;;;;;;;;;;;;;;;252;2018;2018 M06;13,2;ND;Nie dotyczy;nd;Dane jawne;nd;Nie dotyczy;
172;Przewidywane nakłady inwestycyjne - handel;757;"Polska; Handel (KG)";33617;POLSKA;117;[-];622;Handel (KG);7145544;GR288631 - Żywność;;;;;;;;;;;;;;;;;;;;;;;;;;;;;252;2018;2018 M06;24,6;ND;Nie dotyczy;nd;Dane jawne;nd;Nie dotyczy;
172;Przewidywane nakłady inwestycyjne - handel;757;"Polska; Handel (KG)";33617;POLSKA;117;[-];622;Handel (KG);7150546;GR288632 - Pojazdy samochodowe;;;;;;;;;;;;;;;;;;;;;;;;;;;;;252;2018;2018 M06;20,4;ND;Nie dotyczy;nd;Dane jawne;nd;Nie dotyczy;
172;Przewidywane nakłady inwestycyjne - handel;757;"Polska; Handel (KG)";33617;POLSKA;117;[-];622;Handel (KG);7150569;GR288633 - Artykuły gospodarstwa domowego ogółem (rtv. agd, meble i inne);;;;;;;;;;;;;;;;;;;;;;;;;;;;;252;2018;2018 M06;11,7;ND;Nie dotyczy;nd;Dane jawne;nd;Nie dotyczy;
172;Przewidywane nakłady inwestycyjne - handel;757;"Polska; Handel (KG)";33617;POLSKA;117;[-];622;Handel (KG);7150811;GR288634 - Wyroby tekstylne, odzież, obuwie;;;;;;;;;;;;;;;;;;;;;;;;;;;;;252;2018;2018 M06;34,6;ND;Nie dotyczy;nd;Dane jawne;nd;Nie dotyczy;
172;Przewidywane nakłady inwestycyjne - handel;757;"Polska; Handel (KG)";33617;POLSKA;117;[-];622;Handel (KG);6661753;GR119798 - Handel detaliczny (45+47);;;;;;;;;;;;;;;;;;;;;;;;;;;;;253;2018;2018 M07;17,6;ND;Nie dotyczy;nd;Dane jawne;nd;Nie dotyczy;
172;Przewidywane nakłady inwestycyjne - handel;757;"Polska; Handel (KG)";33617;POLSKA;117;[-];622;Handel (KG);6662701;46 - HANDEL HURTOWY, Z WYŁĄCZENIEM HANDLU POJAZDAMI SAMOCHODOWYMI;;;;;;;;;;;;;;;;;;;;;;;;;;;;;253;2018;2018 M07;12,9;ND;Nie dotyczy;nd;Dane jawne;nd;Nie dotyczy;
172;Przewidywane nakłady inwestycyjne - handel;757;"Polska; Handel (KG)";33617;POLSKA;117;[-];622;Handel (KG);7145544;GR288631 - Żywność;;;;;;;;;;;;;;;;;;;;;;;;;;;;;253;2018;2018 M07;21,4;ND;Nie dotyczy;nd;Dane jawne;nd;Nie dotyczy;
172;Przewidywane nakłady inwestycyjne - handel;757;"Polska; Handel (KG)";33617;POLSKA;117;[-];622;Handel (KG);7150546;GR288632 - Pojazdy samochodowe;;;;;;;;;;;;;;;;;;;;;;;;;;;;;253;2018;2018 M07;19,4;ND;Nie dotyczy;nd;Dane jawne;nd;Nie dotyczy;
172;Przewidywane nakłady inwestycyjne - handel;757;"Polska; Handel (KG)";33617;POLSKA;117;[-];622;Handel (KG);7150569;GR288633 - Artykuły gospodarstwa domowego ogółem (rtv. agd, meble i inne);;;;;;;;;;;;;;;;;;;;;;;;;;;;;253;2018;2018 M07;2,6;ND;Nie dotyczy;nd;Dane jawne;nd;Nie dotyczy;
172;Przewidywane nakłady inwestycyjne - handel;757;"Polska; Handel (KG)";33617;POLSKA;117;[-];622;Handel (KG);7150811;GR288634 - Wyroby tekstylne, odzież, obuwie;;;;;;;;;;;;;;;;;;;;;;;;;;;;;253;2018;2018 M07;31,6;ND;Nie dotyczy;nd;Dane jawne;nd;Nie dotyczy;
172;Przewidywane nakłady inwestycyjne - handel;757;"Polska; Handel (KG)";33617;POLSKA;117;[-];622;Handel (KG);6661753;GR119798 - Handel detaliczny (45+47);;;;;;;;;;;;;;;;;;;;;;;;;;;;;254;2018;2018 M08;17;ND;Nie dotyczy;nd;Dane jawne;nd;Nie dotyczy;
172;Przewidywane nakłady inwestycyjne - handel;757;"Polska; Handel (KG)";33617;POLSKA;117;[-];622;Handel (KG);6662701;46 - HANDEL HURTOWY, Z WYŁĄCZENIEM HANDLU POJAZDAMI SAMOCHODOWYMI;;;;;;;;;;;;;;;;;;;;;;;;;;;;;254;2018;2018 M08;16,2;ND;Nie dotyczy;nd;Dane jawne;nd;Nie dotyczy;
172;Przewidywane nakłady inwestycyjne - handel;757;"Polska; Handel (KG)";33617;POLSKA;117;[-];622;Handel (KG);7145544;GR288631 - Żywność;;;;;;;;;;;;;;;;;;;;;;;;;;;;;254;2018;2018 M08;16,5;ND;Nie dotyczy;nd;Dane jawne;nd;Nie dotyczy;
172;Przewidywane nakłady inwestycyjne - handel;757;"Polska; Handel (KG)";33617;POLSKA;117;[-];622;Handel (KG);7150546;GR288632 - Pojazdy samochodowe;;;;;;;;;;;;;;;;;;;;;;;;;;;;;254;2018;2018 M08;24,4;ND;Nie dotyczy;nd;Dane jawne;nd;Nie dotyczy;
172;Przewidywane nakłady inwestycyjne - handel;757;"Polska; Handel (KG)";33617;POLSKA;117;[-];622;Handel (KG);7150569;GR288633 - Artykuły gospodarstwa domowego ogółem (rtv. agd, meble i inne);;;;;;;;;;;;;;;;;;;;;;;;;;;;;254;2018;2018 M08;-4;ND;Nie dotyczy;nd;Dane jawne;nd;Nie dotyczy;
172;Przewidywane nakłady inwestycyjne - handel;757;"Polska; Handel (KG)";33617;POLSKA;117;[-];622;Handel (KG);7150811;GR288634 - Wyroby tekstylne, odzież, obuwie;;;;;;;;;;;;;;;;;;;;;;;;;;;;;254;2018;2018 M08;31,1;ND;Nie dotyczy;nd;Dane jawne;nd;Nie dotyczy;
172;Przewidywane nakłady inwestycyjne - handel;757;"Polska; Handel (KG)";33617;POLSKA;117;[-];622;Handel (KG);6661753;GR119798 - Handel detaliczny (45+47);;;;;;;;;;;;;;;;;;;;;;;;;;;;;255;2018;2018 M09;17,3;ND;Nie dotyczy;nd;Dane jawne;nd;Nie dotyczy;
172;Przewidywane nakłady inwestycyjne - handel;757;"Polska; Handel (KG)";33617;POLSKA;117;[-];622;Handel (KG);6662701;46 - HANDEL HURTOWY, Z WYŁĄCZENIEM HANDLU POJAZDAMI SAMOCHODOWYMI;;;;;;;;;;;;;;;;;;;;;;;;;;;;;255;2018;2018 M09;14,5;ND;Nie dotyczy;nd;Dane jawne;nd;Nie dotyczy;
172;Przewidywane nakłady inwestycyjne - handel;757;"Polska; Handel (KG)";33617;POLSKA;117;[-];622;Handel (KG);7145544;GR288631 - Żywność;;;;;;;;;;;;;;;;;;;;;;;;;;;;;255;2018;2018 M09;19,2;ND;Nie dotyczy;nd;Dane jawne;nd;Nie dotyczy;
172;Przewidywane nakłady inwestycyjne - handel;757;"Polska; Handel (KG)";33617;POLSKA;117;[-];622;Handel (KG);7150546;GR288632 - Pojazdy samochodowe;;;;;;;;;;;;;;;;;;;;;;;;;;;;;255;2018;2018 M09;20,2;ND;Nie dotyczy;nd;Dane jawne;nd;Nie dotyczy;
172;Przewidywane nakłady inwestycyjne - handel;757;"Polska; Handel (KG)";33617;POLSKA;117;[-];622;Handel (KG);7150569;GR288633 - Artykuły gospodarstwa domowego ogółem (rtv. agd, meble i inne);;;;;;;;;;;;;;;;;;;;;;;;;;;;;255;2018;2018 M09;11,1;ND;Nie dotyczy;nd;Dane jawne;nd;Nie dotyczy;
172;Przewidywane nakłady inwestycyjne - handel;757;"Polska; Handel (KG)";33617;POLSKA;117;[-];622;Handel (KG);7150811;GR288634 - Wyroby tekstylne, odzież, obuwie;;;;;;;;;;;;;;;;;;;;;;;;;;;;;255;2018;2018 M09;32,8;ND;Nie dotyczy;nd;Dane jawne;nd;Nie dotyczy;
172;Przewidywane nakłady inwestycyjne - handel;757;"Polska; Handel (KG)";33617;POLSKA;117;[-];622;Handel (KG);6661753;GR119798 - Handel detaliczny (45+47);;;;;;;;;;;;;;;;;;;;;;;;;;;;;256;2018;2018 M10;16,6;ND;Nie dotyczy;nd;Dane jawne;nd;Nie dotyczy;
172;Przewidywane nakłady inwestycyjne - handel;757;"Polska; Handel (KG)";33617;POLSKA;117;[-];622;Handel (KG);6662701;46 - HANDEL HURTOWY, Z WYŁĄCZENIEM HANDLU POJAZDAMI SAMOCHODOWYMI;;;;;;;;;;;;;;;;;;;;;;;;;;;;;256;2018;2018 M10;13,6;ND;Nie dotyczy;nd;Dane jawne;nd;Nie dotyczy;
172;Przewidywane nakłady inwestycyjne - handel;757;"Polska; Handel (KG)";33617;POLSKA;117;[-];622;Handel (KG);7145544;GR288631 - Żywność;;;;;;;;;;;;;;;;;;;;;;;;;;;;;256;2018;2018 M10;20,1;ND;Nie dotyczy;nd;Dane jawne;nd;Nie dotyczy;
172;Przewidywane nakłady inwestycyjne - handel;757;"Polska; Handel (KG)";33617;POLSKA;117;[-];622;Handel (KG);7150546;GR288632 - Pojazdy samochodowe;;;;;;;;;;;;;;;;;;;;;;;;;;;;;256;2018;2018 M10;18,7;ND;Nie dotyczy;nd;Dane jawne;nd;Nie dotyczy;
172;Przewidywane nakłady inwestycyjne - handel;757;"Polska; Handel (KG)";33617;POLSKA;117;[-];622;Handel (KG);7150569;GR288633 - Artykuły gospodarstwa domowego ogółem (rtv. agd, meble i inne);;;;;;;;;;;;;;;;;;;;;;;;;;;;;256;2018;2018 M10;17,6;ND;Nie dotyczy;nd;Dane jawne;nd;Nie dotyczy;
172;Przewidywane nakłady inwestycyjne - handel;757;"Polska; Handel (KG)";33617;POLSKA;117;[-];622;Handel (KG);7150811;GR288634 - Wyroby tekstylne, odzież, obuwie;;;;;;;;;;;;;;;;;;;;;;;;;;;;;256;2018;2018 M10;29,5;ND;Nie dotyczy;nd;Dane jawne;nd;Nie dotyczy;
172;Przewidywane nakłady inwestycyjne - handel;757;"Polska; Handel (KG)";33617;POLSKA;117;[-];622;Handel (KG);6661753;GR119798 - Handel detaliczny (45+47);;;;;;;;;;;;;;;;;;;;;;;;;;;;;257;2018;2018 M11;15,3;ND;Nie dotyczy;nd;Dane jawne;nd;Nie dotyczy;
172;Przewidywane nakłady inwestycyjne - handel;757;"Polska; Handel (KG)";33617;POLSKA;117;[-];622;Handel (KG);6662701;46 - HANDEL HURTOWY, Z WYŁĄCZENIEM HANDLU POJAZDAMI SAMOCHODOWYMI;;;;;;;;;;;;;;;;;;;;;;;;;;;;;257;2018;2018 M11;14,5;ND;Nie dotyczy;nd;Dane jawne;nd;Nie dotyczy;
172;Przewidywane nakłady inwestycyjne - handel;757;"Polska; Handel (KG)";33617;POLSKA;117;[-];622;Handel (KG);7145544;GR288631 - Żywność;;;;;;;;;;;;;;;;;;;;;;;;;;;;;257;2018;2018 M11;16,4;ND;Nie dotyczy;nd;Dane jawne;nd;Nie dotyczy;
172;Przewidywane nakłady inwestycyjne - handel;757;"Polska; Handel (KG)";33617;POLSKA;117;[-];622;Handel (KG);7150546;GR288632 - Pojazdy samochodowe;;;;;;;;;;;;;;;;;;;;;;;;;;;;;257;2018;2018 M11;17,6;ND;Nie dotyczy;nd;Dane jawne;nd;Nie dotyczy;
172;Przewidywane nakłady inwestycyjne - handel;757;"Polska; Handel (KG)";33617;POLSKA;117;[-];622;Handel (KG);7150569;GR288633 - Artykuły gospodarstwa domowego ogółem (rtv. agd, meble i inne);;;;;;;;;;;;;;;;;;;;;;;;;;;;;257;2018;2018 M11;1,4;ND;Nie dotyczy;nd;Dane jawne;nd;Nie dotyczy;
172;Przewidywane nakłady inwestycyjne - handel;757;"Polska; Handel (KG)";33617;POLSKA;117;[-];622;Handel (KG);7150811;GR288634 - Wyroby tekstylne, odzież, obuwie;;;;;;;;;;;;;;;;;;;;;;;;;;;;;257;2018;2018 M11;27,9;ND;Nie dotyczy;nd;Dane jawne;nd;Nie dotyczy;
172;Przewidywane nakłady inwestycyjne - handel;757;"Polska; Handel (KG)";33617;POLSKA;117;[-];622;Handel (KG);6661753;GR119798 - Handel detaliczny (45+47);;;;;;;;;;;;;;;;;;;;;;;;;;;;;258;2018;2018 M12;14,1;ND;Nie dotyczy;nd;Dane jawne;nd;Nie dotyczy;
172;Przewidywane nakłady inwestycyjne - handel;757;"Polska; Handel (KG)";33617;POLSKA;117;[-];622;Handel (KG);6662701;46 - HANDEL HURTOWY, Z WYŁĄCZENIEM HANDLU POJAZDAMI SAMOCHODOWYMI;;;;;;;;;;;;;;;;;;;;;;;;;;;;;258;2018;2018 M12;13,6;ND;Nie dotyczy;nd;Dane jawne;nd;Nie dotyczy;
172;Przewidywane nakłady inwestycyjne - handel;757;"Polska; Handel (KG)";33617;POLSKA;117;[-];622;Handel (KG);7145544;GR288631 - Żywność;;;;;;;;;;;;;;;;;;;;;;;;;;;;;258;2018;2018 M12;15,8;ND;Nie dotyczy;nd;Dane jawne;nd;Nie dotyczy;
172;Przewidywane nakłady inwestycyjne - handel;757;"Polska; Handel (KG)";33617;POLSKA;117;[-];622;Handel (KG);7150546;GR288632 - Pojazdy samochodowe;;;;;;;;;;;;;;;;;;;;;;;;;;;;;258;2018;2018 M12;19;ND;Nie dotyczy;nd;Dane jawne;nd;Nie dotyczy;
172;Przewidywane nakłady inwestycyjne - handel;757;"Polska; Handel (KG)";33617;POLSKA;117;[-];622;Handel (KG);7150569;GR288633 - Artykuły gospodarstwa domowego ogółem (rtv. agd, meble i inne);;;;;;;;;;;;;;;;;;;;;;;;;;;;;258;2018;2018 M12;16,4;ND;Nie dotyczy;nd;Dane jawne;nd;Nie dotyczy;
172;Przewidywane nakłady inwestycyjne - handel;757;"Polska; Handel (KG)";33617;POLSKA;117;[-];622;Handel (KG);7150811;GR288634 - Wyroby tekstylne, odzież, obuwie;;;;;;;;;;;;;;;;;;;;;;;;;;;;;258;2018;2018 M12;22,3;ND;Nie dotyczy;nd;Dane jawne;nd;Nie dotyczy;
172;Przewidywane nakłady inwestycyjne - handel;757;"Polska; Handel (KG)";33617;POLSKA;117;[-];622;Handel (KG);6661753;GR119798 - Handel detaliczny (45+47);;;;;;;;;;;;;;;;;;;;;;;;;;;;;247;2019;2019 M01;13,4;ND;Nie dotyczy;nd;Dane jawne;nd;Nie dotyczy;
172;Przewidywane nakłady inwestycyjne - handel;757;"Polska; Handel (KG)";33617;POLSKA;117;[-];622;Handel (KG);6662701;46 - HANDEL HURTOWY, Z WYŁĄCZENIEM HANDLU POJAZDAMI SAMOCHODOWYMI;;;;;;;;;;;;;;;;;;;;;;;;;;;;;247;2019;2019 M01;11,4;ND;Nie dotyczy;nd;Dane jawne;nd;Nie dotyczy;
172;Przewidywane nakłady inwestycyjne - handel;757;"Polska; Handel (KG)";33617;POLSKA;117;[-];622;Handel (KG);7145544;GR288631 - Żywność;;;;;;;;;;;;;;;;;;;;;;;;;;;;;247;2019;2019 M01;14;ND;Nie dotyczy;nd;Dane jawne;nd;Nie dotyczy;
172;Przewidywane nakłady inwestycyjne - handel;757;"Polska; Handel (KG)";33617;POLSKA;117;[-];622;Handel (KG);7150546;GR288632 - Pojazdy samochodowe;;;;;;;;;;;;;;;;;;;;;;;;;;;;;247;2019;2019 M01;14,7;ND;Nie dotyczy;nd;Dane jawne;nd;Nie dotyczy;
172;Przewidywane nakłady inwestycyjne - handel;757;"Polska; Handel (KG)";33617;POLSKA;117;[-];622;Handel (KG);7150569;GR288633 - Artykuły gospodarstwa domowego ogółem (rtv. agd, meble i inne);;;;;;;;;;;;;;;;;;;;;;;;;;;;;247;2019;2019 M01;16,1;ND;Nie dotyczy;nd;Dane jawne;nd;Nie dotyczy;
172;Przewidywane nakłady inwestycyjne - handel;757;"Polska; Handel (KG)";33617;POLSKA;117;[-];622;Handel (KG);7150811;GR288634 - Wyroby tekstylne, odzież, obuwie;;;;;;;;;;;;;;;;;;;;;;;;;;;;;247;2019;2019 M01;29,3;ND;Nie dotyczy;nd;Dane jawne;nd;Nie dotyczy;
172;Przewidywane nakłady inwestycyjne - handel;757;"Polska; Handel (KG)";33617;POLSKA;117;[-];622;Handel (KG);6661753;GR119798 - Handel detaliczny (45+47);;;;;;;;;;;;;;;;;;;;;;;;;;;;;248;2019;2019 M02;13,8;ND;Nie dotyczy;nd;Dane jawne;nd;Nie dotyczy;
172;Przewidywane nakłady inwestycyjne - handel;757;"Polska; Handel (KG)";33617;POLSKA;117;[-];622;Handel (KG);6662701;46 - HANDEL HURTOWY, Z WYŁĄCZENIEM HANDLU POJAZDAMI SAMOCHODOWYMI;;;;;;;;;;;;;;;;;;;;;;;;;;;;;248;2019;2019 M02;14;ND;Nie dotyczy;nd;Dane jawne;nd;Nie dotyczy;
172;Przewidywane nakłady inwestycyjne - handel;757;"Polska; Handel (KG)";33617;POLSKA;117;[-];622;Handel (KG);7145544;GR288631 - Żywność;;;;;;;;;;;;;;;;;;;;;;;;;;;;;248;2019;2019 M02;15,1;ND;Nie dotyczy;nd;Dane jawne;nd;Nie dotyczy;
172;Przewidywane nakłady inwestycyjne - handel;757;"Polska; Handel (KG)";33617;POLSKA;117;[-];622;Handel (KG);7150546;GR288632 - Pojazdy samochodowe;;;;;;;;;;;;;;;;;;;;;;;;;;;;;248;2019;2019 M02;16,5;ND;Nie dotyczy;nd;Dane jawne;nd;Nie dotyczy;
172;Przewidywane nakłady inwestycyjne - handel;757;"Polska; Handel (KG)";33617;POLSKA;117;[-];622;Handel (KG);7150569;GR288633 - Artykuły gospodarstwa domowego ogółem (rtv. agd, meble i inne);;;;;;;;;;;;;;;;;;;;;;;;;;;;;248;2019;2019 M02;22,7;ND;Nie dotyczy;nd;Dane jawne;nd;Nie dotyczy;
172;Przewidywane nakłady inwestycyjne - handel;757;"Polska; Handel (KG)";33617;POLSKA;117;[-];622;Handel (KG);7150811;GR288634 - Wyroby tekstylne, odzież, obuwie;;;;;;;;;;;;;;;;;;;;;;;;;;;;;248;2019;2019 M02;27,2;ND;Nie dotyczy;nd;Dane jawne;nd;Nie dotyczy;
172;Przewidywane nakłady inwestycyjne - handel;757;"Polska; Handel (KG)";33617;POLSKA;117;[-];622;Handel (KG);6661753;GR119798 - Handel detaliczny (45+47);;;;;;;;;;;;;;;;;;;;;;;;;;;;;249;2019;2019 M03;13,7;ND;Nie dotyczy;nd;Dane jawne;nd;Nie dotyczy;
172;Przewidywane nakłady inwestycyjne - handel;757;"Polska; Handel (KG)";33617;POLSKA;117;[-];622;Handel (KG);6662701;46 - HANDEL HURTOWY, Z WYŁĄCZENIEM HANDLU POJAZDAMI SAMOCHODOWYMI;;;;;;;;;;;;;;;;;;;;;;;;;;;;;249;2019;2019 M03;13,7;ND;Nie dotyczy;nd;Dane jawne;nd;Nie dotyczy;
172;Przewidywane nakłady inwestycyjne - handel;757;"Polska; Handel (KG)";33617;POLSKA;117;[-];622;Handel (KG);7145544;GR288631 - Żywność;;;;;;;;;;;;;;;;;;;;;;;;;;;;;249;2019;2019 M03;17,4;ND;Nie dotyczy;nd;Dane jawne;nd;Nie dotyczy;
172;Przewidywane nakłady inwestycyjne - handel;757;"Polska; Handel (KG)";33617;POLSKA;117;[-];622;Handel (KG);7150546;GR288632 - Pojazdy samochodowe;;;;;;;;;;;;;;;;;;;;;;;;;;;;;249;2019;2019 M03;14,4;ND;Nie dotyczy;nd;Dane jawne;nd;Nie dotyczy;
172;Przewidywane nakłady inwestycyjne - handel;757;"Polska; Handel (KG)";33617;POLSKA;117;[-];622;Handel (KG);7150569;GR288633 - Artykuły gospodarstwa domowego ogółem (rtv. agd, meble i inne);;;;;;;;;;;;;;;;;;;;;;;;;;;;;249;2019;2019 M03;-0,4;ND;Nie dotyczy;nd;Dane jawne;nd;Nie dotyczy;
172;Przewidywane nakłady inwestycyjne - handel;757;"Polska; Handel (KG)";33617;POLSKA;117;[-];622;Handel (KG);7150811;GR288634 - Wyroby tekstylne, odzież, obuwie;;;;;;;;;;;;;;;;;;;;;;;;;;;;;249;2019;2019 M03;25,6;ND;Nie dotyczy;nd;Dane jawne;nd;Nie dotyczy;
172;Przewidywane nakłady inwestycyjne - handel;757;"Polska; Handel (KG)";33617;POLSKA;117;[-];622;Handel (KG);6661753;GR119798 - Handel detaliczny (45+47);;;;;;;;;;;;;;;;;;;;;;;;;;;;;250;2019;2019 M04;13,1;ND;Nie dotyczy;nd;Dane jawne;nd;Nie dotyczy;
172;Przewidywane nakłady inwestycyjne - handel;757;"Polska; Handel (KG)";33617;POLSKA;117;[-];622;Handel (KG);6662701;46 - HANDEL HURTOWY, Z WYŁĄCZENIEM HANDLU POJAZDAMI SAMOCHODOWYMI;;;;;;;;;;;;;;;;;;;;;;;;;;;;;250;2019;2019 M04;11,8;ND;Nie dotyczy;nd;Dane jawne;nd;Nie dotyczy;
172;Przewidywane nakłady inwestycyjne - handel;757;"Polska; Handel (KG)";33617;POLSKA;117;[-];622;Handel (KG);7145544;GR288631 - Żywność;;;;;;;;;;;;;;;;;;;;;;;;;;;;;250;2019;2019 M04;14,2;ND;Nie dotyczy;nd;Dane jawne;nd;Nie dotyczy;
172;Przewidywane nakłady inwestycyjne - handel;757;"Polska; Handel (KG)";33617;POLSKA;117;[-];622;Handel (KG);7150546;GR288632 - Pojazdy samochodowe;;;;;;;;;;;;;;;;;;;;;;;;;;;;;250;2019;2019 M04;15,5;ND;Nie dotyczy;nd;Dane jawne;nd;Nie dotyczy;
172;Przewidywane nakłady inwestycyjne - handel;757;"Polska; Handel (KG)";33617;POLSKA;117;[-];622;Handel (KG);7150569;GR288633 - Artykuły gospodarstwa domowego ogółem (rtv. agd, meble i inne);;;;;;;;;;;;;;;;;;;;;;;;;;;;;250;2019;2019 M04;10,6;ND;Nie dotyczy;nd;Dane jawne;nd;Nie dotyczy;
172;Przewidywane nakłady inwestycyjne - handel;757;"Polska; Handel (KG)";33617;POLSKA;117;[-];622;Handel (KG);7150811;GR288634 - Wyroby tekstylne, odzież, obuwie;;;;;;;;;;;;;;;;;;;;;;;;;;;;;250;2019;2019 M04;25,2;ND;Nie dotyczy;nd;Dane jawne;nd;Nie dotyczy;
172;Przewidywane nakłady inwestycyjne - handel;757;"Polska; Handel (KG)";33617;POLSKA;117;[-];622;Handel (KG);6661753;GR119798 - Handel detaliczny (45+47);;;;;;;;;;;;;;;;;;;;;;;;;;;;;251;2019;2019 M05;11,4;ND;Nie dotyczy;nd;Dane jawne;nd;Nie dotyczy;
172;Przewidywane nakłady inwestycyjne - handel;757;"Polska; Handel (KG)";33617;POLSKA;117;[-];622;Handel (KG);6662701;46 - HANDEL HURTOWY, Z WYŁĄCZENIEM HANDLU POJAZDAMI SAMOCHODOWYMI;;;;;;;;;;;;;;;;;;;;;;;;;;;;;251;2019;2019 M05;12,6;ND;Nie dotyczy;nd;Dane jawne;nd;Nie dotyczy;
172;Przewidywane nakłady inwestycyjne - handel;757;"Polska; Handel (KG)";33617;POLSKA;117;[-];622;Handel (KG);7145544;GR288631 - Żywność;;;;;;;;;;;;;;;;;;;;;;;;;;;;;251;2019;2019 M05;13,8;ND;Nie dotyczy;nd;Dane jawne;nd;Nie dotyczy;
172;Przewidywane nakłady inwestycyjne - handel;757;"Polska; Handel (KG)";33617;POLSKA;117;[-];622;Handel (KG);7150546;GR288632 - Pojazdy samochodowe;;;;;;;;;;;;;;;;;;;;;;;;;;;;;251;2019;2019 M05;13,2;ND;Nie dotyczy;nd;Dane jawne;nd;Nie dotyczy;
172;Przewidywane nakłady inwestycyjne - handel;757;"Polska; Handel (KG)";33617;POLSKA;117;[-];622;Handel (KG);7150569;GR288633 - Artykuły gospodarstwa domowego ogółem (rtv. agd, meble i inne);;;;;;;;;;;;;;;;;;;;;;;;;;;;;251;2019;2019 M05;4,1;ND;Nie dotyczy;nd;Dane jawne;nd;Nie dotyczy;
172;Przewidywane nakłady inwestycyjne - handel;757;"Polska; Handel (KG)";33617;POLSKA;117;[-];622;Handel (KG);7150811;GR288634 - Wyroby tekstylne, odzież, obuwie;;;;;;;;;;;;;;;;;;;;;;;;;;;;;251;2019;2019 M05;21,4;ND;Nie dotyczy;nd;Dane jawne;nd;Nie dotyczy;
172;Przewidywane nakłady inwestycyjne - handel;757;"Polska; Handel (KG)";33617;POLSKA;117;[-];622;Handel (KG);6661753;GR119798 - Handel detaliczny (45+47);;;;;;;;;;;;;;;;;;;;;;;;;;;;;252;2019;2019 M06;13,7;ND;Nie dotyczy;nd;Dane jawne;nd;Nie dotyczy;
172;Przewidywane nakłady inwestycyjne - handel;757;"Polska; Handel (KG)";33617;POLSKA;117;[-];622;Handel (KG);6662701;46 - HANDEL HURTOWY, Z WYŁĄCZENIEM HANDLU POJAZDAMI SAMOCHODOWYMI;;;;;;;;;;;;;;;;;;;;;;;;;;;;;252;2019;2019 M06;11,2;ND;Nie dotyczy;nd;Dane jawne;nd;Nie dotyczy;
172;Przewidywane nakłady inwestycyjne - handel;757;"Polska; Handel (KG)";33617;POLSKA;117;[-];622;Handel (KG);7145544;GR288631 - Żywność;;;;;;;;;;;;;;;;;;;;;;;;;;;;;252;2019;2019 M06;16,1;ND;Nie dotyczy;nd;Dane jawne;nd;Nie dotyczy;
172;Przewidywane nakłady inwestycyjne - handel;757;"Polska; Handel (KG)";33617;POLSKA;117;[-];622;Handel (KG);7150546;GR288632 - Pojazdy samochodowe;;;;;;;;;;;;;;;;;;;;;;;;;;;;;252;2019;2019 M06;14,9;ND;Nie dotyczy;nd;Dane jawne;nd;Nie dotyczy;
172;Przewidywane nakłady inwestycyjne - handel;757;"Polska; Handel (KG)";33617;POLSKA;117;[-];622;Handel (KG);7150569;GR288633 - Artykuły gospodarstwa domowego ogółem (rtv. agd, meble i inne);;;;;;;;;;;;;;;;;;;;;;;;;;;;;252;2019;2019 M06;6,1;ND;Nie dotyczy;nd;Dane jawne;nd;Nie dotyczy;
172;Przewidywane nakłady inwestycyjne - handel;757;"Polska; Handel (KG)";33617;POLSKA;117;[-];622;Handel (KG);7150811;GR288634 - Wyroby tekstylne, odzież, obuwie;;;;;;;;;;;;;;;;;;;;;;;;;;;;;252;2019;2019 M06;21,6;ND;Nie dotyczy;nd;Dane jawne;nd;Nie dotyczy;
172;Przewidywane nakłady inwestycyjne - handel;757;"Polska; Handel (KG)";33617;POLSKA;117;[-];622;Handel (KG);6661753;GR119798 - Handel detaliczny (45+47);;;;;;;;;;;;;;;;;;;;;;;;;;;;;253;2019;2019 M07;13,2;ND;Nie dotyczy;nd;Dane jawne;nd;Nie dotyczy;
172;Przewidywane nakłady inwestycyjne - handel;757;"Polska; Handel (KG)";33617;POLSKA;117;[-];622;Handel (KG);6662701;46 - HANDEL HURTOWY, Z WYŁĄCZENIEM HANDLU POJAZDAMI SAMOCHODOWYMI;;;;;;;;;;;;;;;;;;;;;;;;;;;;;253;2019;2019 M07;11,4;ND;Nie dotyczy;nd;Dane jawne;nd;Nie dotyczy;
172;Przewidywane nakłady inwestycyjne - handel;757;"Polska; Handel (KG)";33617;POLSKA;117;[-];622;Handel (KG);7145544;GR288631 - Żywność;;;;;;;;;;;;;;;;;;;;;;;;;;;;;253;2019;2019 M07;21,2;ND;Nie dotyczy;nd;Dane jawne;nd;Nie dotyczy;
172;Przewidywane nakłady inwestycyjne - handel;757;"Polska; Handel (KG)";33617;POLSKA;117;[-];622;Handel (KG);7150546;GR288632 - Pojazdy samochodowe;;;;;;;;;;;;;;;;;;;;;;;;;;;;;253;2019;2019 M07;10;ND;Nie dotyczy;nd;Dane jawne;nd;Nie dotyczy;
172;Przewidywane nakłady inwestycyjne - handel;757;"Polska; Handel (KG)";33617;POLSKA;117;[-];622;Handel (KG);7150569;GR288633 - Artykuły gospodarstwa domowego ogółem (rtv. agd, meble i inne);;;;;;;;;;;;;;;;;;;;;;;;;;;;;253;2019;2019 M07;10,6;ND;Nie dotyczy;nd;Dane jawne;nd;Nie dotyczy;
172;Przewidywane nakłady inwestycyjne - handel;757;"Polska; Handel (KG)";33617;POLSKA;117;[-];622;Handel (KG);7150811;GR288634 - Wyroby tekstylne, odzież, obuwie;;;;;;;;;;;;;;;;;;;;;;;;;;;;;253;2019;2019 M07;21,7;ND;Nie dotyczy;nd;Dane jawne;nd;Nie dotyczy;
172;Przewidywane nakłady inwestycyjne - handel;757;"Polska; Handel (KG)";33617;POLSKA;117;[-];622;Handel (KG);6661753;GR119798 - Handel detaliczny (45+47);;;;;;;;;;;;;;;;;;;;;;;;;;;;;254;2019;2019 M08;12,9;ND;Nie dotyczy;nd;Dane jawne;nd;Nie dotyczy;
172;Przewidywane nakłady inwestycyjne - handel;757;"Polska; Handel (KG)";33617;POLSKA;117;[-];622;Handel (KG);6662701;46 - HANDEL HURTOWY, Z WYŁĄCZENIEM HANDLU POJAZDAMI SAMOCHODOWYMI;;;;;;;;;;;;;;;;;;;;;;;;;;;;;254;2019;2019 M08;12,5;ND;Nie dotyczy;nd;Dane jawne;nd;Nie dotyczy;
172;Przewidywane nakłady inwestycyjne - handel;757;"Polska; Handel (KG)";33617;POLSKA;117;[-];622;Handel (KG);7145544;GR288631 - Żywność;;;;;;;;;;;;;;;;;;;;;;;;;;;;;254;2019;2019 M08;15,7;ND;Nie dotyczy;nd;Dane jawne;nd;Nie dotyczy;
172;Przewidywane nakłady inwestycyjne - handel;757;"Polska; Handel (KG)";33617;POLSKA;117;[-];622;Handel (KG);7150546;GR288632 - Pojazdy samochodowe;;;;;;;;;;;;;;;;;;;;;;;;;;;;;254;2019;2019 M08;11,9;ND;Nie dotyczy;nd;Dane jawne;nd;Nie dotyczy;
172;Przewidywane nakłady inwestycyjne - handel;757;"Polska; Handel (KG)";33617;POLSKA;117;[-];622;Handel (KG);7150569;GR288633 - Artykuły gospodarstwa domowego ogółem (rtv. agd, meble i inne);;;;;;;;;;;;;;;;;;;;;;;;;;;;;254;2019;2019 M08;1;ND;Nie dotyczy;nd;Dane jawne;nd;Nie dotyczy;
172;Przewidywane nakłady inwestycyjne - handel;757;"Polska; Handel (KG)";33617;POLSKA;117;[-];622;Handel (KG);7150811;GR288634 - Wyroby tekstylne, odzież, obuwie;;;;;;;;;;;;;;;;;;;;;;;;;;;;;254;2019;2019 M08;20,7;ND;Nie dotyczy;nd;Dane jawne;nd;Nie dotyczy;
172;Przewidywane nakłady inwestycyjne - handel;757;"Polska; Handel (KG)";33617;POLSKA;117;[-];622;Handel (KG);6661753;GR119798 - Handel detaliczny (45+47);;;;;;;;;;;;;;;;;;;;;;;;;;;;;255;2019;2019 M09;12,5;ND;Nie dotyczy;nd;Dane jawne;nd;Nie dotyczy;
172;Przewidywane nakłady inwestycyjne - handel;757;"Polska; Handel (KG)";33617;POLSKA;117;[-];622;Handel (KG);6662701;46 - HANDEL HURTOWY, Z WYŁĄCZENIEM HANDLU POJAZDAMI SAMOCHODOWYMI;;;;;;;;;;;;;;;;;;;;;;;;;;;;;255;2019;2019 M09;10,9;ND;Nie dotyczy;nd;Dane jawne;nd;Nie dotyczy;
172;Przewidywane nakłady inwestycyjne - handel;757;"Polska; Handel (KG)";33617;POLSKA;117;[-];622;Handel (KG);7145544;GR288631 - Żywność;;;;;;;;;;;;;;;;;;;;;;;;;;;;;255;2019;2019 M09;15,7;ND;Nie dotyczy;nd;Dane jawne;nd;Nie dotyczy;
172;Przewidywane nakłady inwestycyjne - handel;757;"Polska; Handel (KG)";33617;POLSKA;117;[-];622;Handel (KG);7150546;GR288632 - Pojazdy samochodowe;;;;;;;;;;;;;;;;;;;;;;;;;;;;;255;2019;2019 M09;11,1;ND;Nie dotyczy;nd;Dane jawne;nd;Nie dotyczy;
172;Przewidywane nakłady inwestycyjne - handel;757;"Polska; Handel (KG)";33617;POLSKA;117;[-];622;Handel (KG);7150569;GR288633 - Artykuły gospodarstwa domowego ogółem (rtv. agd, meble i inne);;;;;;;;;;;;;;;;;;;;;;;;;;;;;255;2019;2019 M09;9,4;ND;Nie dotyczy;nd;Dane jawne;nd;Nie dotyczy;
172;Przewidywane nakłady inwestycyjne - handel;757;"Polska; Handel (KG)";33617;POLSKA;117;[-];622;Handel (KG);7150811;GR288634 - Wyroby tekstylne, odzież, obuwie;;;;;;;;;;;;;;;;;;;;;;;;;;;;;255;2019;2019 M09;22,8;ND;Nie dotyczy;nd;Dane jawne;nd;Nie dotyczy;
172;Przewidywane nakłady inwestycyjne - handel;757;"Polska; Handel (KG)";33617;POLSKA;117;[-];622;Handel (KG);6661753;GR119798 - Handel detaliczny (45+47);;;;;;;;;;;;;;;;;;;;;;;;;;;;;256;2019;2019 M10;11,2;ND;Nie dotyczy;nd;Dane jawne;nd;Nie dotyczy;
172;Przewidywane nakłady inwestycyjne - handel;757;"Polska; Handel (KG)";33617;POLSKA;117;[-];622;Handel (KG);6662701;46 - HANDEL HURTOWY, Z WYŁĄCZENIEM HANDLU POJAZDAMI SAMOCHODOWYMI;;;;;;;;;;;;;;;;;;;;;;;;;;;;;256;2019;2019 M10;10,3;ND;Nie dotyczy;nd;Dane jawne;nd;Nie dotyczy;
172;Przewidywane nakłady inwestycyjne - handel;757;"Polska; Handel (KG)";33617;POLSKA;117;[-];622;Handel (KG);7145544;GR288631 - Żywność;;;;;;;;;;;;;;;;;;;;;;;;;;;;;256;2019;2019 M10;15,4;ND;Nie dotyczy;nd;Dane jawne;nd;Nie dotyczy;
172;Przewidywane nakłady inwestycyjne - handel;757;"Polska; Handel (KG)";33617;POLSKA;117;[-];622;Handel (KG);7150546;GR288632 - Pojazdy samochodowe;;;;;;;;;;;;;;;;;;;;;;;;;;;;;256;2019;2019 M10;9,7;ND;Nie dotyczy;nd;Dane jawne;nd;Nie dotyczy;
172;Przewidywane nakłady inwestycyjne - handel;757;"Polska; Handel (KG)";33617;POLSKA;117;[-];622;Handel (KG);7150569;GR288633 - Artykuły gospodarstwa domowego ogółem (rtv. agd, meble i inne);;;;;;;;;;;;;;;;;;;;;;;;;;;;;256;2019;2019 M10;-4,3;ND;Nie dotyczy;nd;Dane jawne;nd;Nie dotyczy;
172;Przewidywane nakłady inwestycyjne - handel;757;"Polska; Handel (KG)";33617;POLSKA;117;[-];622;Handel (KG);7150811;GR288634 - Wyroby tekstylne, odzież, obuwie;;;;;;;;;;;;;;;;;;;;;;;;;;;;;256;2019;2019 M10;21,4;ND;Nie dotyczy;nd;Dane jawne;nd;Nie dotyczy;
172;Przewidywane nakłady inwestycyjne - handel;757;"Polska; Handel (KG)";33617;POLSKA;117;[-];622;Handel (KG);6661753;GR119798 - Handel detaliczny (45+47);;;;;;;;;;;;;;;;;;;;;;;;;;;;;257;2019;2019 M11;8,8;ND;Nie dotyczy;nd;Dane jawne;nd;Nie dotyczy;
172;Przewidywane nakłady inwestycyjne - handel;757;"Polska; Handel (KG)";33617;POLSKA;117;[-];622;Handel (KG);6662701;46 - HANDEL HURTOWY, Z WYŁĄCZENIEM HANDLU POJAZDAMI SAMOCHODOWYMI;;;;;;;;;;;;;;;;;;;;;;;;;;;;;257;2019;2019 M11;7,9;ND;Nie dotyczy;nd;Dane jawne;nd;Nie dotyczy;
172;Przewidywane nakłady inwestycyjne - handel;757;"Polska; Handel (KG)";33617;POLSKA;117;[-];622;Handel (KG);7145544;GR288631 - Żywność;;;;;;;;;;;;;;;;;;;;;;;;;;;;;257;2019;2019 M11;12,8;ND;Nie dotyczy;nd;Dane jawne;nd;Nie dotyczy;
172;Przewidywane nakłady inwestycyjne - handel;757;"Polska; Handel (KG)";33617;POLSKA;117;[-];622;Handel (KG);7150546;GR288632 - Pojazdy samochodowe;;;;;;;;;;;;;;;;;;;;;;;;;;;;;257;2019;2019 M11;9,1;ND;Nie dotyczy;nd;Dane jawne;nd;Nie dotyczy;
172;Przewidywane nakłady inwestycyjne - handel;757;"Polska; Handel (KG)";33617;POLSKA;117;[-];622;Handel (KG);7150569;GR288633 - Artykuły gospodarstwa domowego ogółem (rtv. agd, meble i inne);;;;;;;;;;;;;;;;;;;;;;;;;;;;;257;2019;2019 M11;-13,4;ND;Nie dotyczy;nd;Dane jawne;nd;Nie dotyczy;
172;Przewidywane nakłady inwestycyjne - handel;757;"Polska; Handel (KG)";33617;POLSKA;117;[-];622;Handel (KG);7150811;GR288634 - Wyroby tekstylne, odzież, obuwie;;;;;;;;;;;;;;;;;;;;;;;;;;;;;257;2019;2019 M11;18,6;ND;Nie dotyczy;nd;Dane jawne;nd;Nie dotyczy;
172;Przewidywane nakłady inwestycyjne - handel;757;"Polska; Handel (KG)";33617;POLSKA;117;[-];622;Handel (KG);6661753;GR119798 - Handel detaliczny (45+47);;;;;;;;;;;;;;;;;;;;;;;;;;;;;258;2019;2019 M12;7,7;ND;Nie dotyczy;nd;Dane jawne;nd;Nie dotyczy;
172;Przewidywane nakłady inwestycyjne - handel;757;"Polska; Handel (KG)";33617;POLSKA;117;[-];622;Handel (KG);6662701;46 - HANDEL HURTOWY, Z WYŁĄCZENIEM HANDLU POJAZDAMI SAMOCHODOWYMI;;;;;;;;;;;;;;;;;;;;;;;;;;;;;258;2019;2019 M12;9,5;ND;Nie dotyczy;nd;Dane jawne;nd;Nie dotyczy;
172;Przewidywane nakłady inwestycyjne - handel;757;"Polska; Handel (KG)";33617;POLSKA;117;[-];622;Handel (KG);7145544;GR288631 - Żywność;;;;;;;;;;;;;;;;;;;;;;;;;;;;;258;2019;2019 M12;10,3;ND;Nie dotyczy;nd;Dane jawne;nd;Nie dotyczy;
172;Przewidywane nakłady inwestycyjne - handel;757;"Polska; Handel (KG)";33617;POLSKA;117;[-];622;Handel (KG);7150546;GR288632 - Pojazdy samochodowe;;;;;;;;;;;;;;;;;;;;;;;;;;;;;258;2019;2019 M12;9,9;ND;Nie dotyczy;nd;Dane jawne;nd;Nie dotyczy;
172;Przewidywane nakłady inwestycyjne - handel;757;"Polska; Handel (KG)";33617;POLSKA;117;[-];622;Handel (KG);7150569;GR288633 - Artykuły gospodarstwa domowego ogółem (rtv. agd, meble i inne);;;;;;;;;;;;;;;;;;;;;;;;;;;;;258;2019;2019 M12;-2,8;ND;Nie dotyczy;nd;Dane jawne;nd;Nie dotyczy;
172;Przewidywane nakłady inwestycyjne - handel;757;"Polska; Handel (KG)";33617;POLSKA;117;[-];622;Handel (KG);7150811;GR288634 - Wyroby tekstylne, odzież, obuwie;;;;;;;;;;;;;;;;;;;;;;;;;;;;;258;2019;2019 M12;18,7;ND;Nie dotyczy;nd;Dane jawne;nd;Nie dotyczy;
172;Przewidywane nakłady inwestycyjne - handel;757;"Polska; Handel (KG)";33617;POLSKA;117;[-];622;Handel (KG);6661753;GR119798 - Handel detaliczny (45+47);;;;;;;;;;;;;;;;;;;;;;;;;;;;;247;2020;2020 M01;7,9;ND;Nie dotyczy;nd;Dane jawne;nd;Nie dotyczy;
172;Przewidywane nakłady inwestycyjne - handel;757;"Polska; Handel (KG)";33617;POLSKA;117;[-];622;Handel (KG);6662701;46 - HANDEL HURTOWY, Z WYŁĄCZENIEM HANDLU POJAZDAMI SAMOCHODOWYMI;;;;;;;;;;;;;;;;;;;;;;;;;;;;;247;2020;2020 M01;10,8;ND;Nie dotyczy;nd;Dane jawne;nd;Nie dotyczy;
172;Przewidywane nakłady inwestycyjne - handel;757;"Polska; Handel (KG)";33617;POLSKA;117;[-];622;Handel (KG);7145544;GR288631 - Żywność;;;;;;;;;;;;;;;;;;;;;;;;;;;;;247;2020;2020 M01;10,6;ND;Nie dotyczy;nd;Dane jawne;nd;Nie dotyczy;
172;Przewidywane nakłady inwestycyjne - handel;757;"Polska; Handel (KG)";33617;POLSKA;117;[-];622;Handel (KG);7150546;GR288632 - Pojazdy samochodowe;;;;;;;;;;;;;;;;;;;;;;;;;;;;;247;2020;2020 M01;9,6;ND;Nie dotyczy;nd;Dane jawne;nd;Nie dotyczy;
172;Przewidywane nakłady inwestycyjne - handel;757;"Polska; Handel (KG)";33617;POLSKA;117;[-];622;Handel (KG);7150569;GR288633 - Artykuły gospodarstwa domowego ogółem (rtv. agd, meble i inne);;;;;;;;;;;;;;;;;;;;;;;;;;;;;247;2020;2020 M01;0,7;ND;Nie dotyczy;nd;Dane jawne;nd;Nie dotyczy;
172;Przewidywane nakłady inwestycyjne - handel;757;"Polska; Handel (KG)";33617;POLSKA;117;[-];622;Handel (KG);7150811;GR288634 - Wyroby tekstylne, odzież, obuwie;;;;;;;;;;;;;;;;;;;;;;;;;;;;;247;2020;2020 M01;18,9;ND;Nie dotyczy;nd;Dane jawne;nd;Nie dotyczy;
172;Przewidywane nakłady inwestycyjne - handel;757;"Polska; Handel (KG)";33617;POLSKA;117;[-];622;Handel (KG);6661753;GR119798 - Handel detaliczny (45+47);;;;;;;;;;;;;;;;;;;;;;;;;;;;;248;2020;2020 M02;6,4;ND;Nie dotyczy;nd;Dane jawne;nd;Nie dotyczy;
172;Przewidywane nakłady inwestycyjne - handel;757;"Polska; Handel (KG)";33617;POLSKA;117;[-];622;Handel (KG);6662701;46 - HANDEL HURTOWY, Z WYŁĄCZENIEM HANDLU POJAZDAMI SAMOCHODOWYMI;;;;;;;;;;;;;;;;;;;;;;;;;;;;;248;2020;2020 M02;10,9;ND;Nie dotyczy;nd;Dane jawne;nd;Nie dotyczy;
172;Przewidywane nakłady inwestycyjne - handel;757;"Polska; Handel (KG)";33617;POLSKA;117;[-];622;Handel (KG);7145544;GR288631 - Żywność;;;;;;;;;;;;;;;;;;;;;;;;;;;;;248;2020;2020 M02;7,5;ND;Nie dotyczy;nd;Dane jawne;nd;Nie dotyczy;
172;Przewidywane nakłady inwestycyjne - handel;757;"Polska; Handel (KG)";33617;POLSKA;117;[-];622;Handel (KG);7150546;GR288632 - Pojazdy samochodowe;;;;;;;;;;;;;;;;;;;;;;;;;;;;;248;2020;2020 M02;6,3;ND;Nie dotyczy;nd;Dane jawne;nd;Nie dotyczy;
172;Przewidywane nakłady inwestycyjne - handel;757;"Polska; Handel (KG)";33617;POLSKA;117;[-];622;Handel (KG);7150569;GR288633 - Artykuły gospodarstwa domowego ogółem (rtv. agd, meble i inne);;;;;;;;;;;;;;;;;;;;;;;;;;;;;248;2020;2020 M02;-9,2;ND;Nie dotyczy;nd;Dane jawne;nd;Nie dotyczy;
172;Przewidywane nakłady inwestycyjne - handel;757;"Polska; Handel (KG)";33617;POLSKA;117;[-];622;Handel (KG);7150811;GR288634 - Wyroby tekstylne, odzież, obuwie;;;;;;;;;;;;;;;;;;;;;;;;;;;;;248;2020;2020 M02;24,5;ND;Nie dotyczy;nd;Dane jawne;nd;Nie dotyczy;
172;Przewidywane nakłady inwestycyjne - handel;757;"Polska; Handel (KG)";33617;POLSKA;117;[-];622;Handel (KG);6661753;GR119798 - Handel detaliczny (45+47);;;;;;;;;;;;;;;;;;;;;;;;;;;;;249;2020;2020 M03;7,3;ND;Nie dotyczy;nd;Dane jawne;nd;Nie dotyczy;
172;Przewidywane nakłady inwestycyjne - handel;757;"Polska; Handel (KG)";33617;POLSKA;117;[-];622;Handel (KG);6662701;46 - HANDEL HURTOWY, Z WYŁĄCZENIEM HANDLU POJAZDAMI SAMOCHODOWYMI;;;;;;;;;;;;;;;;;;;;;;;;;;;;;249;2020;2020 M03;10,1;ND;Nie dotyczy;nd;Dane jawne;nd;Nie dotyczy;
172;Przewidywane nakłady inwestycyjne - handel;757;"Polska; Handel (KG)";33617;POLSKA;117;[-];622;Handel (KG);7145544;GR288631 - Żywność;;;;;;;;;;;;;;;;;;;;;;;;;;;;;249;2020;2020 M03;11,9;ND;Nie dotyczy;nd;Dane jawne;nd;Nie dotyczy;
172;Przewidywane nakłady inwestycyjne - handel;757;"Polska; Handel (KG)";33617;POLSKA;117;[-];622;Handel (KG);7150546;GR288632 - Pojazdy samochodowe;;;;;;;;;;;;;;;;;;;;;;;;;;;;;249;2020;2020 M03;3,5;ND;Nie dotyczy;nd;Dane jawne;nd;Nie dotyczy;
172;Przewidywane nakłady inwestycyjne - handel;757;"Polska; Handel (KG)";33617;POLSKA;117;[-];622;Handel (KG);7150569;GR288633 - Artykuły gospodarstwa domowego ogółem (rtv. agd, meble i inne);;;;;;;;;;;;;;;;;;;;;;;;;;;;;249;2020;2020 M03;-2,5;ND;Nie dotyczy;nd;Dane jawne;nd;Nie dotyczy;
172;Przewidywane nakłady inwestycyjne - handel;757;"Polska; Handel (KG)";33617;POLSKA;117;[-];622;Handel (KG);7150811;GR288634 - Wyroby tekstylne, odzież, obuwie;;;;;;;;;;;;;;;;;;;;;;;;;;;;;249;2020;2020 M03;20,3;ND;Nie dotyczy;nd;Dane jawne;nd;Nie dotyczy;
172;Przewidywane nakłady inwestycyjne - handel;757;"Polska; Handel (KG)";33617;POLSKA;117;[-];622;Handel (KG);6661753;GR119798 - Handel detaliczny (45+47);;;;;;;;;;;;;;;;;;;;;;;;;;;;;250;2020;2020 M04;-30,8;ND;Nie dotyczy;nd;Dane jawne;nd;Nie dotyczy;
172;Przewidywane nakłady inwestycyjne - handel;757;"Polska; Handel (KG)";33617;POLSKA;117;[-];622;Handel (KG);6662701;46 - HANDEL HURTOWY, Z WYŁĄCZENIEM HANDLU POJAZDAMI SAMOCHODOWYMI;;;;;;;;;;;;;;;;;;;;;;;;;;;;;250;2020;2020 M04;-25,1;ND;Nie dotyczy;nd;Dane jawne;nd;Nie dotyczy;
172;Przewidywane nakłady inwestycyjne - handel;757;"Polska; Handel (KG)";33617;POLSKA;117;[-];622;Handel (KG);7145544;GR288631 - Żywność;;;;;;;;;;;;;;;;;;;;;;;;;;;;;250;2020;2020 M04;-8,7;ND;Nie dotyczy;nd;Dane jawne;nd;Nie dotyczy;
172;Przewidywane nakłady inwestycyjne - handel;757;"Polska; Handel (KG)";33617;POLSKA;117;[-];622;Handel (KG);7150546;GR288632 - Pojazdy samochodowe;;;;;;;;;;;;;;;;;;;;;;;;;;;;;250;2020;2020 M04;-43,3;ND;Nie dotyczy;nd;Dane jawne;nd;Nie dotyczy;
172;Przewidywane nakłady inwestycyjne - handel;757;"Polska; Handel (KG)";33617;POLSKA;117;[-];622;Handel (KG);7150569;GR288633 - Artykuły gospodarstwa domowego ogółem (rtv. agd, meble i inne);;;;;;;;;;;;;;;;;;;;;;;;;;;;;250;2020;2020 M04;-80,6;ND;Nie dotyczy;nd;Dane jawne;nd;Nie dotyczy;
172;Przewidywane nakłady inwestycyjne - handel;757;"Polska; Handel (KG)";33617;POLSKA;117;[-];622;Handel (KG);7150811;GR288634 - Wyroby tekstylne, odzież, obuwie;;;;;;;;;;;;;;;;;;;;;;;;;;;;;250;2020;2020 M04;-67;ND;Nie dotyczy;nd;Dane jawne;nd;Nie dotyczy;
172;Przewidywane nakłady inwestycyjne - handel;757;"Polska; Handel (KG)";33617;POLSKA;117;[-];622;Handel (KG);6661753;GR119798 - Handel detaliczny (45+47);;;;;;;;;;;;;;;;;;;;;;;;;;;;;251;2020;2020 M05;-24,4;ND;Nie dotyczy;nd;Dane jawne;nd;Nie dotyczy;
172;Przewidywane nakłady inwestycyjne - handel;757;"Polska; Handel (KG)";33617;POLSKA;117;[-];622;Handel (KG);6662701;46 - HANDEL HURTOWY, Z WYŁĄCZENIEM HANDLU POJAZDAMI SAMOCHODOWYMI;;;;;;;;;;;;;;;;;;;;;;;;;;;;;251;2020;2020 M05;-16,5;ND;Nie dotyczy;nd;Dane jawne;nd;Nie dotyczy;
172;Przewidywane nakłady inwestycyjne - handel;757;"Polska; Handel (KG)";33617;POLSKA;117;[-];622;Handel (KG);7145544;GR288631 - Żywność;;;;;;;;;;;;;;;;;;;;;;;;;;;;;251;2020;2020 M05;-11,8;ND;Nie dotyczy;nd;Dane jawne;nd;Nie dotyczy;
172;Przewidywane nakłady inwestycyjne - handel;757;"Polska; Handel (KG)";33617;POLSKA;117;[-];622;Handel (KG);7150546;GR288632 - Pojazdy samochodowe;;;;;;;;;;;;;;;;;;;;;;;;;;;;;251;2020;2020 M05;-33,4;ND;Nie dotyczy;nd;Dane jawne;nd;Nie dotyczy;
172;Przewidywane nakłady inwestycyjne - handel;757;"Polska; Handel (KG)";33617;POLSKA;117;[-];622;Handel (KG);7150569;GR288633 - Artykuły gospodarstwa domowego ogółem (rtv. agd, meble i inne);;;;;;;;;;;;;;;;;;;;;;;;;;;;;251;2020;2020 M05;-41,6;ND;Nie dotyczy;nd;Dane jawne;nd;Nie dotyczy;
172;Przewidywane nakłady inwestycyjne - handel;757;"Polska; Handel (KG)";33617;POLSKA;117;[-];622;Handel (KG);7150811;GR288634 - Wyroby tekstylne, odzież, obuwie;;;;;;;;;;;;;;;;;;;;;;;;;;;;;251;2020;2020 M05;-56,6;ND;Nie dotyczy;nd;Dane jawne;nd;Nie dotyczy;
172;Przewidywane nakłady inwestycyjne - handel;757;"Polska; Handel (KG)";33617;POLSKA;117;[-];622;Handel (KG);6661753;GR119798 - Handel detaliczny (45+47);;;;;;;;;;;;;;;;;;;;;;;;;;;;;252;2020;2020 M06;-14,8;ND;Nie dotyczy;nd;Dane jawne;nd;Nie dotyczy;
172;Przewidywane nakłady inwestycyjne - handel;757;"Polska; Handel (KG)";33617;POLSKA;117;[-];622;Handel (KG);6662701;46 - HANDEL HURTOWY, Z WYŁĄCZENIEM HANDLU POJAZDAMI SAMOCHODOWYMI;;;;;;;;;;;;;;;;;;;;;;;;;;;;;252;2020;2020 M06;-6,3;ND;Nie dotyczy;nd;Dane jawne;nd;Nie dotyczy;
172;Przewidywane nakłady inwestycyjne - handel;757;"Polska; Handel (KG)";33617;POLSKA;117;[-];622;Handel (KG);7145544;GR288631 - Żywność;;;;;;;;;;;;;;;;;;;;;;;;;;;;;252;2020;2020 M06;-2,1;ND;Nie dotyczy;nd;Dane jawne;nd;Nie dotyczy;
172;Przewidywane nakłady inwestycyjne - handel;757;"Polska; Handel (KG)";33617;POLSKA;117;[-];622;Handel (KG);7150546;GR288632 - Pojazdy samochodowe;;;;;;;;;;;;;;;;;;;;;;;;;;;;;252;2020;2020 M06;-27,2;ND;Nie dotyczy;nd;Dane jawne;nd;Nie dotyczy;
172;Przewidywane nakłady inwestycyjne - handel;757;"Polska; Handel (KG)";33617;POLSKA;117;[-];622;Handel (KG);7150569;GR288633 - Artykuły gospodarstwa domowego ogółem (rtv. agd, meble i inne);;;;;;;;;;;;;;;;;;;;;;;;;;;;;252;2020;2020 M06;-7,6;ND;Nie dotyczy;nd;Dane jawne;nd;Nie dotyczy;
172;Przewidywane nakłady inwestycyjne - handel;757;"Polska; Handel (KG)";33617;POLSKA;117;[-];622;Handel (KG);7150811;GR288634 - Wyroby tekstylne, odzież, obuwie;;;;;;;;;;;;;;;;;;;;;;;;;;;;;252;2020;2020 M06;-40,8;ND;Nie dotyczy;nd;Dane jawne;nd;Nie dotyczy;
172;Przewidywane nakłady inwestycyjne - handel;757;"Polska; Handel (KG)";33617;POLSKA;117;[-];622;Handel (KG);6661753;GR119798 - Handel detaliczny (45+47);;;;;;;;;;;;;;;;;;;;;;;;;;;;;253;2020;2020 M07;-3,3;ND;Nie dotyczy;nd;Dane jawne;nd;Nie dotyczy;
172;Przewidywane nakłady inwestycyjne - handel;757;"Polska; Handel (KG)";33617;POLSKA;117;[-];622;Handel (KG);6662701;46 - HANDEL HURTOWY, Z WYŁĄCZENIEM HANDLU POJAZDAMI SAMOCHODOWYMI;;;;;;;;;;;;;;;;;;;;;;;;;;;;;253;2020;2020 M07;-1,4;ND;Nie dotyczy;nd;Dane jawne;nd;Nie dotyczy;
172;Przewidywane nakłady inwestycyjne - handel;757;"Polska; Handel (KG)";33617;POLSKA;117;[-];622;Handel (KG);7145544;GR288631 - Żywność;;;;;;;;;;;;;;;;;;;;;;;;;;;;;253;2020;2020 M07;6,3;ND;Nie dotyczy;nd;Dane jawne;nd;Nie dotyczy;
172;Przewidywane nakłady inwestycyjne - handel;757;"Polska; Handel (KG)";33617;POLSKA;117;[-];622;Handel (KG);7150546;GR288632 - Pojazdy samochodowe;;;;;;;;;;;;;;;;;;;;;;;;;;;;;253;2020;2020 M07;-8,6;ND;Nie dotyczy;nd;Dane jawne;nd;Nie dotyczy;
172;Przewidywane nakłady inwestycyjne - handel;757;"Polska; Handel (KG)";33617;POLSKA;117;[-];622;Handel (KG);7150569;GR288633 - Artykuły gospodarstwa domowego ogółem (rtv. agd, meble i inne);;;;;;;;;;;;;;;;;;;;;;;;;;;;;253;2020;2020 M07;1;ND;Nie dotyczy;nd;Dane jawne;nd;Nie dotyczy;
172;Przewidywane nakłady inwestycyjne - handel;757;"Polska; Handel (KG)";33617;POLSKA;117;[-];622;Handel (KG);7150811;GR288634 - Wyroby tekstylne, odzież, obuwie;;;;;;;;;;;;;;;;;;;;;;;;;;;;;253;2020;2020 M07;-22,4;ND;Nie dotyczy;nd;Dane jawne;nd;Nie dotyczy;
172;Przewidywane nakłady inwestycyjne - handel;757;"Polska; Handel (KG)";33617;POLSKA;117;[-];622;Handel (KG);6661753;GR119798 - Handel detaliczny (45+47);;;;;;;;;;;;;;;;;;;;;;;;;;;;;254;2020;2020 M08;0,1;ND;Nie dotyczy;nd;Dane jawne;nd;Nie dotyczy;
172;Przewidywane nakłady inwestycyjne - handel;757;"Polska; Handel (KG)";33617;POLSKA;117;[-];622;Handel (KG);6662701;46 - HANDEL HURTOWY, Z WYŁĄCZENIEM HANDLU POJAZDAMI SAMOCHODOWYMI;;;;;;;;;;;;;;;;;;;;;;;;;;;;;254;2020;2020 M08;3;ND;Nie dotyczy;nd;Dane jawne;nd;Nie dotyczy;
172;Przewidywane nakłady inwestycyjne - handel;757;"Polska; Handel (KG)";33617;POLSKA;117;[-];622;Handel (KG);7145544;GR288631 - Żywność;;;;;;;;;;;;;;;;;;;;;;;;;;;;;254;2020;2020 M08;6;ND;Nie dotyczy;nd;Dane jawne;nd;Nie dotyczy;
172;Przewidywane nakłady inwestycyjne - handel;757;"Polska; Handel (KG)";33617;POLSKA;117;[-];622;Handel (KG);7150546;GR288632 - Pojazdy samochodowe;;;;;;;;;;;;;;;;;;;;;;;;;;;;;254;2020;2020 M08;-3,9;ND;Nie dotyczy;nd;Dane jawne;nd;Nie dotyczy;
172;Przewidywane nakłady inwestycyjne - handel;757;"Polska; Handel (KG)";33617;POLSKA;117;[-];622;Handel (KG);7150569;GR288633 - Artykuły gospodarstwa domowego ogółem (rtv. agd, meble i inne);;;;;;;;;;;;;;;;;;;;;;;;;;;;;254;2020;2020 M08;10,6;ND;Nie dotyczy;nd;Dane jawne;nd;Nie dotyczy;
172;Przewidywane nakłady inwestycyjne - handel;757;"Polska; Handel (KG)";33617;POLSKA;117;[-];622;Handel (KG);7150811;GR288634 - Wyroby tekstylne, odzież, obuwie;;;;;;;;;;;;;;;;;;;;;;;;;;;;;254;2020;2020 M08;-5,3;ND;Nie dotyczy;nd;Dane jawne;nd;Nie dotyczy;
172;Przewidywane nakłady inwestycyjne - handel;757;"Polska; Handel (KG)";33617;POLSKA;117;[-];622;Handel (KG);6661753;GR119798 - Handel detaliczny (45+47);;;;;;;;;;;;;;;;;;;;;;;;;;;;;255;2020;2020 M09;0,3;ND;Nie dotyczy;nd;Dane jawne;nd;Nie dotyczy;
172;Przewidywane nakłady inwestycyjne - handel;757;"Polska; Handel (KG)";33617;POLSKA;117;[-];622;Handel (KG);6662701;46 - HANDEL HURTOWY, Z WYŁĄCZENIEM HANDLU POJAZDAMI SAMOCHODOWYMI;;;;;;;;;;;;;;;;;;;;;;;;;;;;;255;2020;2020 M09;3,1;ND;Nie dotyczy;nd;Dane jawne;nd;Nie dotyczy;
172;Przewidywane nakłady inwestycyjne - handel;757;"Polska; Handel (KG)";33617;POLSKA;117;[-];622;Handel (KG);7145544;GR288631 - Żywność;;;;;;;;;;;;;;;;;;;;;;;;;;;;;255;2020;2020 M09;3,5;ND;Nie dotyczy;nd;Dane jawne;nd;Nie dotyczy;
172;Przewidywane nakłady inwestycyjne - handel;757;"Polska; Handel (KG)";33617;POLSKA;117;[-];622;Handel (KG);7150546;GR288632 - Pojazdy samochodowe;;;;;;;;;;;;;;;;;;;;;;;;;;;;;255;2020;2020 M09;-6,4;ND;Nie dotyczy;nd;Dane jawne;nd;Nie dotyczy;
172;Przewidywane nakłady inwestycyjne - handel;757;"Polska; Handel (KG)";33617;POLSKA;117;[-];622;Handel (KG);7150569;GR288633 - Artykuły gospodarstwa domowego ogółem (rtv. agd, meble i inne);;;;;;;;;;;;;;;;;;;;;;;;;;;;;255;2020;2020 M09;16,6;ND;Nie dotyczy;nd;Dane jawne;nd;Nie dotyczy;
172;Przewidywane nakłady inwestycyjne - handel;757;"Polska; Handel (KG)";33617;POLSKA;117;[-];622;Handel (KG);7150811;GR288634 - Wyroby tekstylne, odzież, obuwie;;;;;;;;;;;;;;;;;;;;;;;;;;;;;255;2020;2020 M09;1,4;ND;Nie dotyczy;nd;Dane jawne;nd;Nie dotyczy;
172;Przewidywane nakłady inwestycyjne - handel;757;"Polska; Handel (KG)";33617;POLSKA;117;[-];622;Handel (KG);6661753;GR119798 - Handel detaliczny (45+47);;;;;;;;;;;;;;;;;;;;;;;;;;;;;256;2020;2020 M10;2;ND;Nie dotyczy;nd;Dane jawne;nd;Nie dotyczy;
172;Przewidywane nakłady inwestycyjne - handel;757;"Polska; Handel (KG)";33617;POLSKA;117;[-];622;Handel (KG);6662701;46 - HANDEL HURTOWY, Z WYŁĄCZENIEM HANDLU POJAZDAMI SAMOCHODOWYMI;;;;;;;;;;;;;;;;;;;;;;;;;;;;;256;2020;2020 M10;1,6;ND;Nie dotyczy;nd;Dane jawne;nd;Nie dotyczy;
172;Przewidywane nakłady inwestycyjne - handel;757;"Polska; Handel (KG)";33617;POLSKA;117;[-];622;Handel (KG);7145544;GR288631 - Żywność;;;;;;;;;;;;;;;;;;;;;;;;;;;;;256;2020;2020 M10;11,2;ND;Nie dotyczy;nd;Dane jawne;nd;Nie dotyczy;
172;Przewidywane nakłady inwestycyjne - handel;757;"Polska; Handel (KG)";33617;POLSKA;117;[-];622;Handel (KG);7150546;GR288632 - Pojazdy samochodowe;;;;;;;;;;;;;;;;;;;;;;;;;;;;;256;2020;2020 M10;-4,1;ND;Nie dotyczy;nd;Dane jawne;nd;Nie dotyczy;
172;Przewidywane nakłady inwestycyjne - handel;757;"Polska; Handel (KG)";33617;POLSKA;117;[-];622;Handel (KG);7150569;GR288633 - Artykuły gospodarstwa domowego ogółem (rtv. agd, meble i inne);;;;;;;;;;;;;;;;;;;;;;;;;;;;;256;2020;2020 M10;10,9;ND;Nie dotyczy;nd;Dane jawne;nd;Nie dotyczy;
172;Przewidywane nakłady inwestycyjne - handel;757;"Polska; Handel (KG)";33617;POLSKA;117;[-];622;Handel (KG);7150811;GR288634 - Wyroby tekstylne, odzież, obuwie;;;;;;;;;;;;;;;;;;;;;;;;;;;;;256;2020;2020 M10;-10,5;ND;Nie dotyczy;nd;Dane jawne;nd;Nie dotyczy;
172;Przewidywane nakłady inwestycyjne - handel;757;"Polska; Handel (KG)";33617;POLSKA;117;[-];622;Handel (KG);6661753;GR119798 - Handel detaliczny (45+47);;;;;;;;;;;;;;;;;;;;;;;;;;;;;257;2020;2020 M11;-8;ND;Nie dotyczy;nd;Dane jawne;nd;Nie dotyczy;
172;Przewidywane nakłady inwestycyjne - handel;757;"Polska; Handel (KG)";33617;POLSKA;117;[-];622;Handel (KG);6662701;46 - HANDEL HURTOWY, Z WYŁĄCZENIEM HANDLU POJAZDAMI SAMOCHODOWYMI;;;;;;;;;;;;;;;;;;;;;;;;;;;;;257;2020;2020 M11;-2,3;ND;Nie dotyczy;nd;Dane jawne;nd;Nie dotyczy;
172;Przewidywane nakłady inwestycyjne - handel;757;"Polska; Handel (KG)";33617;POLSKA;117;[-];622;Handel (KG);7145544;GR288631 - Żywność;;;;;;;;;;;;;;;;;;;;;;;;;;;;;257;2020;2020 M11;-4,8;ND;Nie dotyczy;nd;Dane jawne;nd;Nie dotyczy;
172;Przewidywane nakłady inwestycyjne - handel;757;"Polska; Handel (KG)";33617;POLSKA;117;[-];622;Handel (KG);7150546;GR288632 - Pojazdy samochodowe;;;;;;;;;;;;;;;;;;;;;;;;;;;;;257;2020;2020 M11;-9,6;ND;Nie dotyczy;nd;Dane jawne;nd;Nie dotyczy;
172;Przewidywane nakłady inwestycyjne - handel;757;"Polska; Handel (KG)";33617;POLSKA;117;[-];622;Handel (KG);7150569;GR288633 - Artykuły gospodarstwa domowego ogółem (rtv. agd, meble i inne);;;;;;;;;;;;;;;;;;;;;;;;;;;;;257;2020;2020 M11;4,4;ND;Nie dotyczy;nd;Dane jawne;nd;Nie dotyczy;
172;Przewidywane nakłady inwestycyjne - handel;757;"Polska; Handel (KG)";33617;POLSKA;117;[-];622;Handel (KG);7150811;GR288634 - Wyroby tekstylne, odzież, obuwie;;;;;;;;;;;;;;;;;;;;;;;;;;;;;257;2020;2020 M11;-30,6;ND;Nie dotyczy;nd;Dane jawne;nd;Nie dotyczy;
172;Przewidywane nakłady inwestycyjne - handel;757;"Polska; Handel (KG)";33617;POLSKA;117;[-];622;Handel (KG);6661753;GR119798 - Handel detaliczny (45+47);;;;;;;;;;;;;;;;;;;;;;;;;;;;;258;2020;2020 M12;-5,9;ND;Nie dotyczy;nd;Dane jawne;nd;Nie dotyczy;
172;Przewidywane nakłady inwestycyjne - handel;757;"Polska; Handel (KG)";33617;POLSKA;117;[-];622;Handel (KG);6662701;46 - HANDEL HURTOWY, Z WYŁĄCZENIEM HANDLU POJAZDAMI SAMOCHODOWYMI;;;;;;;;;;;;;;;;;;;;;;;;;;;;;258;2020;2020 M12;-0,4;ND;Nie dotyczy;nd;Dane jawne;nd;Nie dotyczy;
172;Przewidywane nakłady inwestycyjne - handel;757;"Polska; Handel (KG)";33617;POLSKA;117;[-];622;Handel (KG);7145544;GR288631 - Żywność;;;;;;;;;;;;;;;;;;;;;;;;;;;;;258;2020;2020 M12;-12;ND;Nie dotyczy;nd;Dane jawne;nd;Nie dotyczy;
172;Przewidywane nakłady inwestycyjne - handel;757;"Polska; Handel (KG)";33617;POLSKA;117;[-];622;Handel (KG);7150546;GR288632 - Pojazdy samochodowe;;;;;;;;;;;;;;;;;;;;;;;;;;;;;258;2020;2020 M12;-7,9;ND;Nie dotyczy;nd;Dane jawne;nd;Nie dotyczy;
172;Przewidywane nakłady inwestycyjne - handel;757;"Polska; Handel (KG)";33617;POLSKA;117;[-];622;Handel (KG);7150569;GR288633 - Artykuły gospodarstwa domowego ogółem (rtv. agd, meble i inne);;;;;;;;;;;;;;;;;;;;;;;;;;;;;258;2020;2020 M12;-0,6;ND;Nie dotyczy;nd;Dane jawne;nd;Nie dotyczy;
172;Przewidywane nakłady inwestycyjne - handel;757;"Polska; Handel (KG)";33617;POLSKA;117;[-];622;Handel (KG);7150811;GR288634 - Wyroby tekstylne, odzież, obuwie;;;;;;;;;;;;;;;;;;;;;;;;;;;;;258;2020;2020 M12;-20,2;ND;Nie dotyczy;nd;Dane jawne;nd;Nie dotyczy;
